{"cameraMode":{"drawMode":0,"name":"Shaded","section":"Shading Mode"},"sceneLighting":false,"audioPlay":false,"sceneViewState":{"showFog":true,"showMaterialUpdate":false,"showSkybox":false,"showFlares":true,"showImageEffects":true,"showParticleSystems":true},"in2DMode":false,"pivot":{"x":38.05243682861328,"y":40.0,"z":67.66966247558594},"rotation":{"x":0.02668512612581253,"y":-0.014397677034139634,"z":-0.00040579313645139337,"w":-0.9995789527893066},"size":225.53695678710938,"orthographic":false}