{"cameraMode":{"drawMode":0,"name":"Shaded","section":"Shading Mode"},"sceneLighting":false,"audioPlay":false,"sceneViewState":{"showFog":true,"showMaterialUpdate":true,"showSkybox":true,"showFlares":true,"showImageEffects":true,"showParticleSystems":true},"in2DMode":false,"pivot":{"x":180.326416015625,"y":79.15785217285156,"z":484.3711853027344},"rotation":{"x":0.02612546645104885,"y":-0.20785370469093324,"z":-0.005454250145703554,"w":-0.9778908491134644},"size":280.10821533203127,"orthographic":false}