{"cameraMode":{"drawMode":0,"name":"Shaded","section":"Shading Mode"},"sceneLighting":false,"audioPlay":false,"sceneViewState":{"showFog":true,"showMaterialUpdate":true,"showSkybox":false,"showFlares":true,"showImageEffects":true,"showParticleSystems":true},"in2DMode":false,"pivot":{"x":-1.3407485485076905,"y":-0.20013214647769929,"z":-0.42828890681266787},"rotation":{"x":0.06288862228393555,"y":-0.4577108919620514,"z":0.0324290506541729,"w":0.8863803148269653},"size":1.5264335870742798,"orthographic":false}