{"cameraMode":{"drawMode":0,"name":"Shaded","section":"Shading Mode"},"sceneLighting":false,"audioPlay":false,"sceneViewState":{"showFog":true,"showMaterialUpdate":false,"showSkybox":false,"showFlares":true,"showImageEffects":true,"showParticleSystems":true},"in2DMode":false,"pivot":{"x":-1.3317431211471558,"y":0.3158997595310211,"z":-0.5938213467597961},"rotation":{"x":-0.08813506364822388,"y":-0.455028772354126,"z":0.045427825301885608,"w":-0.8850144147872925},"size":0.3061862289905548,"orthographic":false}