{"cameraMode":{"drawMode":0,"name":"Shaded","section":"Shading Mode"},"sceneLighting":false,"audioPlay":false,"sceneViewState":{"showFog":true,"showMaterialUpdate":true,"showSkybox":false,"showFlares":true,"showImageEffects":true,"showParticleSystems":true},"in2DMode":false,"pivot":{"x":-7.729836940765381,"y":1.6472731828689576,"z":15.496062278747559},"rotation":{"x":-0.1256047487258911,"y":-0.42890867590904238,"z":0.06038878113031387,"w":-0.8926318287849426},"size":2.531829357147217,"orthographic":false}